hi,Legal Matter,कानूनी मामला
hi,Matter Title,मामले का शीर्षक
hi,Legal Vertical,कानूनी क्षेत्र
hi,Chamber Application,चैम्बर आवेदन
hi,Hearing,सुनवाई
hi,Legal Party,कानूनी पक्षकार
hi,Court,न्यायालय
hi,Intake Form Template,इंटेक फॉर्म टेम्पलेट
hi,Intake Submission,इंटेक प्रस्तुति
hi,Document Template,दस्तावेज़ टेम्पलेट
hi,Generated Document,निर्मित दस्तावेज़
hi,Timeline Entry,समयरेखा प्रविष्टि
hi,Signature Request,हस्ताक्षर अनुरोध
hi,Caveat,केवट
hi,Notice,सूचना
hi,Mediation Session,मध्यस्थता सत्र
hi,Deadline Tracker,समय-सीमा ट्रैकर
hi,Chamber Settings,चैम्बर सेटिंग्स
hi,Matter Timeline,मामले की समयरेखा
hi,Conditional Intake Form,सशर्त इंटेक फॉर्म
hi,Generate Document,दस्तावेज़ बनाएं
hi,Send for Signature,हस्ताक्षर के लिए भेजें
hi,Send for Review,समीक्षा के लिए भेजें
hi,Sync eCourts,ई-कोर्ट्स सिंक
hi,AI Bulk Upload,एआई बल्क अपलोड
hi,Upcoming Hearings,आगामी सुनवाई
hi,Matter Status,मामले की स्थिति
hi,Deadline Watch,समय-सीमा निगरानी
hi,eCourts Sync Log,ई-कोर्ट्स सिंक लॉग
hi,Chamber,चैम्बर
hi,Legal Party,कानूनी पक्षकार
ta,Legal Matter,சட்ட வழக்கு
ta,Matter Title,வழக்கின் தலைப்பு
ta,Legal Vertical,சட்டத் துறை
ta,Chamber Application,சேம்பர் மனு
ta,Hearing,விசாரணை
ta,Legal Party,சட்ட தரப்பு
ta,Court,நீதிமன்றம்
ta,Intake Form Template,உள்ளீட்டு படிவ மாதிரி
ta,Intake Submission,உள்ளீட்டு சமர்ப்பிப்பு
ta,Document Template,ஆவண மாதிரி
ta,Generated Document,உருவாக்கப்பட்ட ஆவணம்
ta,Timeline Entry,காலவரிசை உள்ளீடு
ta,Signature Request,கையொப்ப கோரிக்கை
ta,Caveat,காவிட்
ta,Notice,அறிவிப்பு
ta,Mediation Session,மத்தியஸ்த அமர்வு
ta,Deadline Tracker,காலக்கெடு கண்காணிப்பான்
ta,Chamber Settings,சேம்பர் அமைப்புகள்
ta,Matter Timeline,வழக்கின் காலவரிசை
ta,Conditional Intake Form,நிபந்தனை உள்ளீட்டு படிவம்
ta,Generate Document,ஆவணத்தை உருவாக்கு
ta,Send for Signature,கையொப்பத்திற்கு அனுப்பு
ta,Send for Review,மதிப்பாய்வுக்கு அனுப்பு
ta,Sync eCourts,ஈ-கோர்ட்ஸ் ஒத்திசைவு
ta,AI Bulk Upload,ஏஐ மொத்த பதிவேற்றம்
ta,Upcoming Hearings,வரவிருக்கும் விசாரணைகள்
ta,Matter Status,வழக்கின் நிலை
ta,Deadline Watch,காலக்கெடு கண்காணிப்பு
ta,eCourts Sync Log,ஈ-கோர்ட்ஸ் ஒத்திசைவு பதிவு
ta,Chamber,சேம்பர்
kn,Legal Matter,ಕಾನೂನು ಪ್ರಕರಣ
kn,Matter Title,ಪ್ರಕರಣದ ಶೀರ್ಷಿಕೆ
kn,Legal Vertical,ಕಾನೂನು ವಲಯ
kn,Chamber Application,ಚೇಂಬರ್ ಅರ್ಜಿ
kn,Hearing,ವಿಚಾರಣೆ
kn,Legal Party,ಕಾನೂನು ಪಕ್ಷ
kn,Court,ನ್ಯಾಯಾಲಯ
kn,Intake Form Template,ಇನ್ಟೇಕ್ ಫಾರ್ಮ್ ಟೆಂಪ್ಲೇಟ್
kn,Intake Submission,ಇನ್ಟೇಕ್ ಸಲ್ಲಿಕೆ
kn,Document Template,ದಾಖಲೆ ಟೆಂಪ್ಲೇಟ್
kn,Generated Document,ರಚಿಸಿದ ದಾಖಲೆ
kn,Timeline Entry,ಟೈಮ್‌ಲೈನ್ ನಮೂದು
kn,Signature Request,ಸಹಿ ವಿನಂತಿ
kn,Caveat,ಕ್ಯಾವೆಟ್
kn,Notice,ಸೂಚನೆ
kn,Mediation Session,ಮಧ್ಯಸ್ಥಿಕೆ ಅಧಿವೇಶನ
kn,Deadline Tracker,ಗಡುವು ಟ್ರ್ಯಾಕರ್
kn,Chamber Settings,ಚೇಂಬರ್ ಸೆಟ್ಟಿಂಗ್‌ಗಳು
kn,Matter Timeline,ಪ್ರಕರಣದ ಟೈಮ್‌ಲೈನ್
kn,Conditional Intake Form,ಷರತ್ತುಬದ್ಧ ಇನ್ಟೇಕ್ ಫಾರ್ಮ್
kn,Generate Document,ದಾಖಲೆ ರಚಿಸಿ
kn,Send for Signature,ಸಹಿಗಾಗಿ ಕಳುಹಿಸಿ
kn,Send for Review,ಪರಿಶೀಲನೆಗಾಗಿ ಕಳುಹಿಸಿ
kn,Sync eCourts,ಈ-ಕೋರ್ಟ್ ಸಿಂಕ್
kn,AI Bulk Upload,ಎಐ ಬಲ್ಕ್ ಅಪ್‌ಲೋಡ್
kn,Upcoming Hearings,ಮುಂಬರುವ ವಿಚಾರಣೆಗಳು
kn,Matter Status,ಪ್ರಕರಣದ ಸ್ಥಿತಿ
kn,Deadline Watch,ಗಡುವು ಕಣ್ಗಾವಲು
kn,eCourts Sync Log,ಈ-ಕೋರ್ಟ್ ಸಿಂಕ್ ದಾಖಲೆ
kn,Chamber,ಚೇಂಬರ್
te,Legal Matter,చట్టపరమైన వ్యాజ్యం
te,Matter Title,వ్యాజ్యం శీర్షిక
te,Legal Vertical,చట్టపరమైన విభాగం
te,Chamber Application,ఛాంబర్ దరఖాస్తు
te,Hearing,విచారణ
te,Legal Party,చట్టపరమైన పక్షం
te,Court,కోర్టు
te,Intake Form Template,ఇంటేక్ ఫారం టెంప్లేట్
te,Intake Submission,ఇంటేక్ సమర్పణ
te,Document Template,పత్రం టెంప్లేట్
te,Generated Document,రూపొందించిన పత్రం
te,Timeline Entry,టైమ్‌లైన్ ఎంట్రీ
te,Signature Request,సంతకం అభ్యర్థన
te,Caveat,కావెట్
te,Notice,నోటీసు
te,Mediation Session,మధ్యవర్తిత్వ సెషన్
te,Deadline Tracker,గడువు ట్రాకర్
te,Chamber Settings,ఛాంబర్ సెట్టింగ్‌లు
te,Matter Timeline,వ్యాజ్యం టైమ్‌లైన్
te,Conditional Intake Form,షరతులతో కూడిన ఇంటేక్ ఫారం
te,Generate Document,పత్రాన్ని రూపొందించండి
te,Send for Signature,సంతకం కోసం పంపండి
te,Send for Review,సమీక్ష కోసం పంపండి
te,Sync eCourts,ఈ-కోర్ట్స్ సింక్
te,AI Bulk Upload,ఏఐ బల్క్ అప్‌లోడ్
te,Upcoming Hearings,రాబోయే విచారణలు
te,Matter Status,వ్యాజ్యం స్థితి
te,Deadline Watch,గడువు నిఘా
te,eCourts Sync Log,ఈ-కోర్ట్స్ సింక్ లాగ్
te,Chamber,ఛాంబర్
fr,Legal Matter,Affaire juridique
fr,Matter Title,Titre de l'affaire
fr,Legal Vertical,Domaine juridique
fr,Chamber Application,Demande de cabinet
fr,Hearing,Audience
fr,Legal Party,Partie juridique
fr,Court,Tribunal
fr,Intake Form Template,Modèle de formulaire d'entrée
fr,Intake Submission,Soumission d'entrée
fr,Document Template,Modèle de document
fr,Generated Document,Document généré
fr,Timeline Entry,Entrée de chronologie
fr,Signature Request,Demande de signature
fr,Caveat,Avertissement (caveat)
fr,Notice,Notification
fr,Mediation Session,Séance de médiation
fr,Deadline Tracker,Suivi des échéances
fr,Chamber Settings,Paramètres du cabinet
fr,Matter Timeline,Chronologie de l'affaire
fr,Conditional Intake Form,Formulaire d'entrée conditionnel
fr,Generate Document,Générer un document
fr,Send for Signature,Envoyer pour signature
fr,Send for Review,Envoyer pour examen
fr,Sync eCourts,Synchroniser eCourts
fr,AI Bulk Upload,Téléversement en masse IA
fr,Upcoming Hearings,Audiences à venir
fr,Matter Status,Statut de l'affaire
fr,Deadline Watch,Veille des échéances
fr,eCourts Sync Log,Journal de synchronisation eCourts
fr,Chamber,Cabinet
ar,Legal Matter,قضية قانونية
ar,Matter Title,عنوان القضية
ar,Legal Vertical,المجال القانوني
ar,Chamber Application,طلب المكتب القانوني
ar,Hearing,جلسة استماع
ar,Legal Party,طرف قانوني
ar,Court,محكمة
ar,Intake Form Template,قالب نموذج الإدخال
ar,Intake Submission,تقديم الإدخال
ar,Document Template,قالب مستند
ar,Generated Document,مستند مُنشأ
ar,Timeline Entry,إدخال الجدول الزمني
ar,Signature Request,طلب توقيع
ar,Caveat,إشعار تحفظي
ar,Notice,إشعار
ar,Mediation Session,جلسة وساطة
ar,Deadline Tracker,متتبع المواعيد النهائية
ar,Chamber Settings,إعدادات المكتب
ar,Matter Timeline,الجدول الزمني للقضية
ar,Conditional Intake Form,نموذج إدخال شرطي
ar,Generate Document,إنشاء مستند
ar,Send for Signature,إرسال للتوقيع
ar,Send for Review,إرسال للمراجعة
ar,Sync eCourts,مزامنة المحاكم الإلكترونية
ar,AI Bulk Upload,رفع جماعي بالذكاء الاصطناعي
ar,Upcoming Hearings,جلسات قادمة
ar,Matter Status,حالة القضية
ar,Deadline Watch,مراقبة المواعيد
ar,eCourts Sync Log,سجل مزامنة المحاكم
ar,Chamber,المكتب القانوني
es,Legal Matter,Asunto legal
es,Matter Title,Título del asunto
es,Legal Vertical,Área jurídica
es,Chamber Application,Solicitud de despacho
es,Hearing,Audiencia
es,Legal Party,Parte legal
es,Court,Tribunal
es,Intake Form Template,Plantilla de formulario de admisión
es,Intake Submission,Presentación de admisión
es,Document Template,Plantilla de documento
es,Generated Document,Documento generado
es,Timeline Entry,Entrada de cronología
es,Signature Request,Solicitud de firma
es,Caveat,Cautela (caveat)
es,Notice,Notificación
es,Mediation Session,Sesión de mediación
es,Deadline Tracker,Rastreador de plazos
es,Chamber Settings,Ajustes del despacho
es,Matter Timeline,Cronología del asunto
es,Conditional Intake Form,Formulario de admisión condicional
es,Generate Document,Generar documento
es,Send for Signature,Enviar para firma
es,Send for Review,Enviar para revisión
es,Sync eCourts,Sincronizar eCourts
es,AI Bulk Upload,Carga masiva con IA
es,Upcoming Hearings,Audiencias próximas
es,Matter Status,Estado del asunto
es,Deadline Watch,Vigilancia de plazos
es,eCourts Sync Log,Registro de sincronización eCourts
es,Chamber,Despacho
hi,Intake Pending,इंटेक लंबित
hi,Active,सक्रिय
hi,On Hold,रोके गए
hi,Disposed,निस्तारित
hi,Withdrawn,वापस लिया गया
hi,Closed,बंद
hi,Open Intake Form,इंटेक फॉर्म खोलें
hi,View Timeline,समयरेखा देखें
hi,Test Connections,कनेक्शन जांचें
hi,Import from File,फ़ाइल से आयात करें
hi,Download PDF,पीडीएफ डाउनलोड करें
hi,Next Hearing Date,अगली सुनवाई तिथि
hi,Statutory Deadline,वैधानिक समय-सीमा
hi,CNR Number,सीएनआर नंबर
hi,Court Fees,कोर्ट फीस
hi,Assigned Advocate,नियुक्त अधिवक्ता
hi,Opposing Counsel,प्रतिपक्षी अधिवक्ता
hi,Archive Matter,मामला संग्रहीत करें
hi,Unarchive,संग्रह से हटाएं
hi,Save,सहेजें
hi,Cancel,रद्द करें
hi,Add,जोड़ें
hi,Status,स्थिति
hi,Priority,प्राथमिकता
hi,Chamber Dashboard,चैम्बर डैशबोर्ड
hi,Client Portal,क्लाइंट पोर्टल
ta,Intake Pending,உள்ளீடு நிலுவையில்
ta,Active,செயலில்
ta,On Hold,நிறுத்தி வைக்கப்பட்டது
ta,Disposed,முடிவு செய்யப்பட்டது
ta,Withdrawn,திரும்பப் பெறப்பட்டது
ta,Closed,மூடப்பட்டது
ta,Open Intake Form,உள்ளீட்டு படிவத்தை திற
ta,View Timeline,காலவரிசையை காண்க
ta,Test Connections,இணைப்புகளை சோதிக்கவும்
ta,Import from File,கோப்பிலிருந்து இறக்குமதி
ta,Download PDF,PDF பதிவிறக்கு
ta,Next Hearing Date,அடுத்த விசாரணை தேதி
ta,Statutory Deadline,சட்டரீதியான காலக்கெடு
ta,CNR Number,CNR எண்
ta,Court Fees,நீதிமன்ற கட்டணம்
ta,Assigned Advocate,நியமிக்கப்பட்ட வழக்கறிஞர்
ta,Opposing Counsel,எதிர் வழக்கறிஞர்
ta,Archive Matter,வழக்கை காப்பகப்படுத்து
ta,Unarchive,காப்பகத்திலிருந்து நீக்கு
ta,Save,சேமி
ta,Cancel,ரத்து
ta,Add,சேர்
ta,Status,நிலை
ta,Priority,முன்னுரிமை
ta,Chamber Dashboard,சேம்பர் டாஷ்போர்டு
ta,Client Portal,வாடிக்கையாளர் போர்டல்
kn,Intake Pending,ಇನ್‌ಟೇಕ್ ಬಾಕಿ
kn,Active,ಸಕ್ರಿಯ
kn,On Hold,ತಡೆಹಿಡಿಯಲಾಗಿದೆ
kn,Disposed,ಇತ್ಯರ್ಥವಾಗಿದೆ
kn,Withdrawn,ಹಿಂಪಡೆಯಲಾಗಿದೆ
kn,Closed,ಮುಚ್ಚಲಾಗಿದೆ
kn,Open Intake Form,ಇನ್‌ಟೇಕ್ ಫಾರ್ಮ್ ತೆರೆಯಿರಿ
kn,View Timeline,ಟೈಮ್‌ಲೈನ್ ವೀಕ್ಷಿಸಿ
kn,Test Connections,ಸಂಪರ್ಕಗಳನ್ನು ಪರೀಕ್ಷಿಸಿ
kn,Import from File,ಫೈಲ್‌ನಿಂದ ಆಮದು
kn,Download PDF,PDF ಡೌನ್‌ಲೋಡ್
kn,Next Hearing Date,ಮುಂದಿನ ವಿಚಾರಣೆ ದಿನಾಂಕ
kn,Statutory Deadline,ವೈಧಾನಿಕ ಗಡುವು
kn,CNR Number,CNR ಸಂಖ್ಯೆ
kn,Court Fees,ನ್ಯಾಯಾಲಯ ಶುಲ್ಕ
kn,Assigned Advocate,ನಿಯೋಜಿತ ವಕೀಲರು
kn,Opposing Counsel,ಎದುರು ವಕೀಲರು
kn,Archive Matter,ಪ್ರಕರಣ ಆರ್ಕೈವ್ ಮಾಡಿ
kn,Unarchive,ಆರ್ಕೈವ್ ರದ್ದು
kn,Save,ಉಳಿಸಿ
kn,Cancel,ರದ್ದುಮಾಡಿ
kn,Add,ಸೇರಿಸಿ
kn,Status,ಸ್ಥಿತಿ
kn,Priority,ಆದ್ಯತೆ
kn,Chamber Dashboard,ಚೇಂಬರ್ ಡ್ಯಾಶ್‌ಬೋರ್ಡ್
kn,Client Portal,ಕ್ಲೈಂಟ್ ಪೋರ್ಟಲ್
te,Intake Pending,ఇంటేక్ పెండింగ్
te,Active,క్రియాశీలం
te,On Hold,నిలిపివేయబడింది
te,Disposed,పరిష్కరించబడింది
te,Withdrawn,ఉపసంహరించబడింది
te,Closed,మూసివేయబడింది
te,Open Intake Form,ఇంటేక్ ఫారం తెరవండి
te,View Timeline,టైమ్‌లైన్ చూడండి
te,Test Connections,కనెక్షన్లను పరీక్షించండి
te,Import from File,ఫైల్ నుండి దిగుమతి
te,Download PDF,PDF డౌన్‌లోడ్
te,Next Hearing Date,తదుపరి విచారణ తేదీ
te,Statutory Deadline,చట్టపరమైన గడువు
te,CNR Number,CNR సంఖ్య
te,Court Fees,కోర్టు రుసుము
te,Assigned Advocate,నియమించిన న్యాయవాది
te,Opposing Counsel,ఎదురు న్యాయవాది
te,Archive Matter,వ్యాజ్యాన్ని ఆర్కైవ్ చేయండి
te,Unarchive,ఆర్కైవ్ నుండి తీసివేయండి
te,Save,సేవ్
te,Cancel,రద్దు
te,Add,జోడించండి
te,Status,స్థితి
te,Priority,ప్రాధాన్యత
te,Chamber Dashboard,ఛాంబర్ డాష్‌బోర్డ్
te,Client Portal,క్లయింట్ పోర్టల్
fr,Intake Pending,Admission en attente
fr,Active,Actif
fr,On Hold,En attente
fr,Disposed,Réglé
fr,Withdrawn,Retiré
fr,Closed,Clos
fr,Open Intake Form,Ouvrir le formulaire d'admission
fr,View Timeline,Voir la chronologie
fr,Test Connections,Tester les connexions
fr,Import from File,Importer depuis un fichier
fr,Download PDF,Télécharger le PDF
fr,Next Hearing Date,Prochaine date d'audience
fr,Statutory Deadline,Délai légal
fr,CNR Number,Numéro CNR
fr,Court Fees,Frais de justice
fr,Assigned Advocate,Avocat assigné
fr,Opposing Counsel,Conseil adverse
fr,Archive Matter,Archiver l'affaire
fr,Unarchive,Désarchiver
fr,Save,Enregistrer
fr,Cancel,Annuler
fr,Add,Ajouter
fr,Status,Statut
fr,Priority,Priorité
fr,Chamber Dashboard,Tableau de bord du cabinet
fr,Client Portal,Portail client
ar,Intake Pending,الإدخال قيد الانتظار
ar,Active,نشط
ar,On Hold,معلق
ar,Disposed,منتهٍ
ar,Withdrawn,مسحوب
ar,Closed,مغلق
ar,Open Intake Form,فتح نموذج الإدخال
ar,View Timeline,عرض الجدول الزمني
ar,Test Connections,اختبار الاتصالات
ar,Import from File,استيراد من ملف
ar,Download PDF,تنزيل PDF
ar,Next Hearing Date,موعد الجلسة القادمة
ar,Statutory Deadline,الموعد القانوني
ar,CNR Number,رقم CNR
ar,Court Fees,رسوم المحكمة
ar,Assigned Advocate,المحامي المعين
ar,Opposing Counsel,محامي الخصم
ar,Archive Matter,أرشفة القضية
ar,Unarchive,إلغاء الأرشفة
ar,Save,حفظ
ar,Cancel,إلغاء
ar,Add,إضافة
ar,Status,الحالة
ar,Priority,الأولوية
ar,Chamber Dashboard,لوحة معلومات المكتب
ar,Client Portal,بوابة العميل
es,Intake Pending,Admisión pendiente
es,Active,Activo
es,On Hold,En espera
es,Disposed,Resuelto
es,Withdrawn,Retirado
es,Closed,Cerrado
es,Open Intake Form,Abrir formulario de admisión
es,View Timeline,Ver cronología
es,Test Connections,Probar conexiones
es,Import from File,Importar desde archivo
es,Download PDF,Descargar PDF
es,Next Hearing Date,Próxima fecha de audiencia
es,Statutory Deadline,Plazo legal
es,CNR Number,Número CNR
es,Court Fees,Tasas judiciales
es,Assigned Advocate,Abogado asignado
es,Opposing Counsel,Abogado de la parte contraria
es,Archive Matter,Archivar asunto
es,Unarchive,Desarchivar
es,Save,Guardar
es,Cancel,Cancelar
es,Add,Añadir
es,Status,Estado
es,Priority,Prioridad
es,Chamber Dashboard,Panel del despacho
es,Client Portal,Portal del cliente
